{"cameraMode":{"drawMode":0,"name":"Shaded","section":"Shading Mode"},"sceneLighting":false,"audioPlay":false,"sceneViewState":{"m_AlwaysRefresh":false,"showFog":true,"showSkybox":false,"showFlares":true,"showImageEffects":true,"showParticleSystems":true,"showVisualEffectGraphs":true,"m_FxEnabled":true},"in2DMode":false,"pivot":{"x":0.04053521528840065,"y":0.033768828958272937,"z":-0.012207098305225373},"rotation":{"x":0.03480131924152374,"y":0.015285765752196312,"z":-0.0006094471318647265,"w":0.9993698000907898},"size":0.05824088305234909,"orthographic":false}