{"cameraMode":{"drawMode":0,"name":"Shaded","section":"Shading Mode"},"sceneLighting":false,"audioPlay":false,"sceneViewState":{"m_AlwaysRefresh":false,"showFog":true,"showSkybox":false,"showFlares":true,"showImageEffects":true,"showParticleSystems":true,"showVisualEffectGraphs":true,"m_FxEnabled":true},"in2DMode":false,"pivot":{"x":0.016542084515094758,"y":-0.017959460616111757,"z":-0.010284423828125},"rotation":{"x":0.004809288773685694,"y":0.013797190971672535,"z":-0.00014254322741180658,"w":0.9999858736991882},"size":0.06835203617811203,"orthographic":false}