{"cameraMode":{"drawMode":0,"name":"Shaded","section":"Shading Mode"},"sceneLighting":false,"audioPlay":false,"sceneViewState":{"m_AlwaysRefresh":false,"showFog":true,"showSkybox":false,"showFlares":true,"showImageEffects":true,"showParticleSystems":true,"showVisualEffectGraphs":true,"m_FxEnabled":true},"in2DMode":false,"pivot":{"x":0.035599999129772189,"y":0.012599999085068703,"z":-0.010400064289569855},"rotation":{"x":0.03480131924152374,"y":0.015285765752196312,"z":-0.0006094471318647265,"w":0.9993698000907898},"size":0.0664529949426651,"orthographic":false}