{"cameraMode":{"drawMode":0,"name":"Shaded","section":"Shading Mode"},"sceneLighting":false,"audioPlay":false,"sceneViewState":{"m_AlwaysRefresh":false,"showFog":true,"showSkybox":false,"showFlares":true,"showImageEffects":true,"showParticleSystems":true,"showVisualEffectGraphs":true,"m_FxEnabled":true},"in2DMode":false,"pivot":{"x":-0.007146158255636692,"y":-0.04857401177287102,"z":0.6582329869270325},"rotation":{"x":-0.021306991577148439,"y":-0.00840091984719038,"z":0.00017568441398907453,"w":-0.9997472763061523},"size":0.11009757965803147,"orthographic":false}